{
    "nelec": 30,
    "norb": 20,
    "na": 15504,
    "nstr": 240374016,
    "nprocs": 2,
    "use_cpu_memory": false,
    "chunksize": 256,
    "max_space": 16,
    "device": "NVIDIA A100 80GB PCIe",
    "ecore": 0.0,
    "e_HF": -116.20581611838965,
    "e_FCI": -116.6056091179924,
    "fci_time": 756.9850425720215
}