{
    "nelec": 12,
    "norb": 10,
    "na": 210,
    "nstr": 44100,
    "nprocs": 2,
    "use_cpu_memory": false,
    "chunksize": 256,
    "max_space": 12,
    "device": "NVIDIA A100 80GB PCIe",
    "geometry": "C 0.0 0.0 -0.6248; C 0.0 0.0 0.6248",
    "ecore": 15.245182132778492,
    "e_HF": -74.42169216043114,
    "e_FCI": -74.69057071305038,
    "fci_time": 3.4373257160186768
}