{
    "nelec": 10,
    "norb": 26,
    "na": 65780,
    "nstr": 4327008400,
    "nprocs": 16,
    "use_cpu_memory": true,
    "chunksize": 256,
    "max_space": 14,
    "device": "NVIDIA H100 SXM5",
    "ecore": -83.43918482753222,
    "e_HF": 0.0,
    "e_FCI": -108.96806454459227,
    "fci_time": 192.7660320781533
}
