{
    "nelec": 10,
    "norb": 26,
    "na": 65780,
    "nstr": 4327008400,
    "nprocs": 16,
    "use_cpu_memory": true,
    "chunksize": 256,
    "max_space": 14,
    "device": "NVIDIA H100 SXM5",
    "ecore": -76.07303866379078,
    "e_HF": 0.0,
    "e_FCI": -109.21545235363513,
    "fci_time": 47.0962889674923
}
