{
    "nelec": 10,
    "norb": 26,
    "na": 65780,
    "nstr": 4327008400,
    "nprocs": 16,
    "use_cpu_memory": true,
    "chunksize": 256,
    "max_space": 14,
    "device": "NVIDIA H100 SXM5",
    "ecore": -83.98705696379082,
    "e_HF": 0.0,
    "e_FCI": -108.96218465547643,
    "fci_time": 244.627391849323
}
