{
    "nelec": 10,
    "norb": 26,
    "na": 65780,
    "nstr": 4327008400,
    "nprocs": 16,
    "use_cpu_memory": true,
    "chunksize": 256,
    "max_space": 14,
    "device": "NVIDIA H100 SXM5",
    "ecore": -80.19381904195201,
    "e_HF": 0.0,
    "e_FCI": -109.1613184310447,
    "fci_time": 79.1251005439754
}
