{
    "nelec": 16,
    "norb": 16,
    "na": 12870,
    "nstr": 165636900,
    "nprocs": 2,
    "use_cpu_memory": false,
    "chunksize": 256,
    "max_space": 12,
    "device": "NVIDIA A100 80GB PCIe",
    "geometry": "B 0.8923 0.0 0.0; B -0.8923 0.0 0.0; H 0.0 0.0 0.9778; H 0.0 0.0 -0.9778; H 1.4672 1.0412 0.0; H 1.4672 -1.0412 0.0; H -1.4672 1.0412 0.0; H -1.4672 -1.0412 0.0",
    "ecore": 31.91150671755683,
    "e_HF": -52.16274991602968,
    "e_FCI": -52.288068590963704,
    "fci_time": 10.790910482406616
}