{
    "nelec": 56,
    "norb": 32,
    "na": 35960,
    "nstr": 1293121600,
    "nprocs": 8,
    "use_cpu_memory": false,
    "chunksize": 256,
    "max_space": 4,
    "device": "NVIDIA A100 80GB PCIe",
    "geometry": "B 0.0 0.0 0.0; Cl 0.0 1.7494 0.0; Cl 1.515 -0.8747 0.0; Cl -1.515 -0.8747 0.0",
    "ecore": 228.55255025619658,
    "e_HF": -1388.2290645560909,
    "e_FCI": -1388.3086064476236,
    "fci_time": 128.2589921951294
}