{
    "nelec": 6,
    "norb": 24,
    "na": 2024,
    "nstr": 4096576,
    "nprocs": 2,
    "use_cpu_memory": false,
    "chunksize": 256,
    "max_space": 12,
    "device": "NVIDIA A100 80GB PCIe",
    "geometry": "Be 0.0 0.0 0.0; H 0.0 0.0 1.3368; H 0.0 0.0 -1.3368",
    "ecore": 3.364756353096948,
    "e_HF": -15.767364236668772,
    "e_FCI": -15.836444727995058,
    "fci_time": 3.943610668182373
}