{
    "nelec": 6,
    "norb": 13,
    "na": 286,
    "nstr": 81796,
    "nprocs": 2,
    "use_cpu_memory": false,
    "chunksize": 256,
    "max_space": 12,
    "device": "NVIDIA A100 80GB PCIe",
    "geometry": "Be 0.0 0.0 0.0; H 0.0 0.0 1.3368; H 0.0 0.0 -1.3368",
    "ecore": 3.364756353096948,
    "e_HF": -15.759368692990645,
    "e_FCI": -15.800455465488877,
    "fci_time": 3.3166816234588623
}