{
    "nelec": 12,
    "norb": 18,
    "na": 18564,
    "nstr": 344622096,
    "nprocs": 2,
    "use_cpu_memory": false,
    "chunksize": 256,
    "max_space": 12,
    "device": "NVIDIA A100 80GB PCIe",
    "geometry": "Be 0.0 0.0 -0.8643; O 0.0 0.0 0.4322",
    "ecore": 13.061064982213654,
    "e_HF": -89.37906466694909,
    "e_FCI": -89.55891049173206,
    "fci_time": 34.37878966331482
}