{
    "nelec": 32,
    "norb": 20,
    "na": 4845,
    "nstr": 23474025,
    "nprocs": 2,
    "use_cpu_memory": false,
    "chunksize": 256,
    "max_space": 12,
    "device": "NVIDIA A100 80GB PCIe",
    "geometry": "B 0.0 0.0 0.0; F 0.0 1.308 0.0; F 1.1328 -0.654 0.0; F -1.1328 -0.654 0.0",
    "ecore": 111.37456990002084,
    "e_HF": -318.6619350861518,
    "e_FCI": -318.77844566720887,
    "fci_time": 5.2721943855285645
}