{
    "nelec": 8,
    "norb": 29,
    "na": 23751,
    "nstr": 564110001,
    "nprocs": 4,
    "use_cpu_memory": false,
    "chunksize": 1024,
    "max_space": 12,
    "device": "NVIDIA H100 SXM5",
    "geometry": "B 0.0 0.0 0.0; H 0.0 1.1937 0.0; H 1.0338 -0.5969 0.0; H -1.0338 -0.5969 0.0",
    "ecore": 7.417263352622754,
    "e_HF": -26.3907765621476,
    "e_FCI": -26.510565766089464,
    "fci_time": 28.275543689727783
}
