{
    "nelec": 8,
    "norb": 8,
    "na": 70,
    "nstr": 4900,
    "nprocs": 2,
    "use_cpu_memory": false,
    "chunksize": 256,
    "max_space": 12,
    "device": "NVIDIA A100 80GB PCIe",
    "geometry": "B 0.0 0.0 0.0; H 0.0 1.1937 0.0; H 1.0338 -0.5969 0.0; H -1.0338 -0.5969 0.0",
    "ecore": 7.417263352622754,
    "e_HF": -26.068556177091047,
    "e_FCI": -26.122268024510845,
    "fci_time": 3.3860151767730713
}