{
    "nelec": 24,
    "norb": 19,
    "na": 50388,
    "nstr": 2538950544,
    "nprocs": 8,
    "use_cpu_memory": false,
    "chunksize": 256,
    "max_space": 4,
    "device": "NVIDIA A100 80GB PCIe",
    "geometry": "O 1.182 0.4045 0.0; C 0.0 0.4638 0.0; C -0.9152 -0.7335 0.0; H -0.5066 1.4396 0.0; H -0.336 -1.6503 0.0; H -1.5609 -0.7034 0.8767; H -1.5609 -0.7034 -0.8767",
    "ecore": 70.30726431146644,
    "e_HF": -150.94257508804515,
    "e_FCI": -151.14694999584486,
    "fci_time": 102.25811862945557
}