{
    "nelec": 16,
    "norb": 14,
    "na": 3003,
    "nstr": 9018009,
    "nprocs": 2,
    "use_cpu_memory": false,
    "chunksize": 256,
    "max_space": 12,
    "device": "NVIDIA A100 80GB PCIe",
    "geometry": "C 0.0 0.0 0.6595; C 0.0 0.0 -0.6595; H 0.0 0.9166 1.2288; H 0.0 -0.9166 1.2288; H 0.0 -0.9166 -1.2288; H 0.0 0.9166 -1.2288",
    "ecore": 33.61711373471906,
    "e_HF": -77.07364516902209,
    "e_FCI": -77.2330825996136,
    "fci_time": 3.350797653198242
}