{
    "nelec": 26,
    "norb": 20,
    "na": 77520,
    "nstr": 6009350400,
    "nprocs": 8,
    "use_cpu_memory": false,
    "chunksize": 64,
    "max_space": 4,
    "device": "NVIDIA A100 80GB PCIe",
    "geometry": "C 0.0 0.5561 0.0; C 1.1199 -0.4692 0.0; F -1.2264 -0.0817 0.0; H 0.0557 1.1981 0.8885; H 0.0557 1.1981 -0.8885; H 2.0949 0.0287 0.0; H 1.0561 -1.1054 0.8874; H 1.0561 -1.1054 -0.8874",
    "ecore": 79.18651887110114,
    "e_HF": -175.75253133673255,
    "e_FCI": -175.91511664057833,
    "fci_time": 209.59857082366943
}