{
    "nelec": 18,
    "norb": 16,
    "na": 11440,
    "nstr": 130873600,
    "nprocs": 2,
    "use_cpu_memory": false,
    "chunksize": 256,
    "max_space": 12,
    "device": "NVIDIA A100 80GB PCIe",
    "geometry": "C 0.0 0.0 0.7647; C 0.0 0.0 -0.7647; H 0.0 1.0144 1.1588; H -0.8785 -0.5072 1.1588; H 0.8785 -0.5072 1.1588; H 0.0 -1.0144 -1.1588; H -0.8785 0.5072 -1.1588; H 0.8785 0.5072 -1.1588",
    "ecore": 42.29930271376758,
    "e_HF": -78.306040815925,
    "e_FCI": -78.45211356803674,
    "fci_time": 8.353822469711304
}