{
    "nelec": 26,
    "norb": 20,
    "na": 77520,
    "nstr": 6009350400,
    "nprocs": 4,
    "use_cpu_memory": true,
    "chunksize": 512,
    "max_space": 6,
    "device": "NVIDIA H100 SXM5",
    "geometry": "C 0.0 0.0 0.6989; C 0.0 0.0 -0.6989; N 0.0 0.0 1.8316; N 0.0 0.0 -1.8316",
    "ecore": 77.51660320115869,
    "e_HF": -182.214664246512,
    "e_FCI": -182.51885451874293,
    "fci_time": 625.9884490966797
}
