{
    "nelec": 22,
    "norb": 19,
    "na": 75582,
    "nstr": 5712638724,
    "nprocs": 8,
    "use_cpu_memory": false,
    "chunksize": 128,
    "max_space": 4,
    "device": "NVIDIA A100 80GB PCIe",
    "geometry": "C 0.0 0.0 0.2267; C 0.0 0.0 1.4165; C 0.0 0.0 -1.2429; H 0.0 0.0 2.4757; H 0.0 1.017 -1.626; H 0.8807 -0.5085 -1.626; H -0.8807 -0.5085 -1.626",
    "ecore": 58.9190135828588,
    "e_HF": -114.4476417162848,
    "e_FCI": -114.68051361601249,
    "fci_time": 171.3002212047577
}