{
    "nelec": 26,
    "norb": 23,
    "na": 1144066,
    "nstr": 1308887012356,
    "nprocs": 512,
    "use_cpu_memory": true,
    "chunksize": 4,
    "max_space": 4,
    "device": "NVIDIA H100 SXM5",
    "geometry": "C 0.0 0.0 0.5862; C 0.0 1.2745 -0.26; C 0.0 -1.2745 -0.26; H 0.8717 0.0 1.2403; H -0.8717 0.0 1.2403; H 0.0 2.1655 0.365; H 0.0 -2.1655 0.365; H 0.8788 1.3196 -0.9019; H -0.8788 1.3196 -0.9019; H -0.8788 -1.3196 -0.9019; H 0.8788 -1.3196 -0.9019",
    "ecore": 82.59084244914766,
    "e_HF": -116.886102693946,
    "e_FCI": -117.10012268155322,
    "fci_time": 31063.203415632248
}
