{
    "nelec": 28,
    "norb": 18,
    "na": 3060,
    "nstr": 9363600,
    "nprocs": 2,
    "use_cpu_memory": false,
    "chunksize": 256,
    "max_space": 12,
    "device": "NVIDIA A100 80GB PCIe",
    "geometry": "Ca 0.0 0.0 0.5346; O 0.0 0.0 -1.3365",
    "ecore": 45.250576531024535,
    "e_HF": -743.5944416872924,
    "e_FCI": -743.7553042542615,
    "fci_time": 4.341284990310669
}