{
    "nelec": 42,
    "norb": 25,
    "na": 12650,
    "nstr": 160022500,
    "nprocs": 2,
    "use_cpu_memory": false,
    "chunksize": 256,
    "max_space": 12,
    "device": "NVIDIA A100 80GB PCIe",
    "geometry": "C 0.0 0.0 0.0; F 0.7625 0.7625 0.7625; F -0.7625 -0.7625 0.7625; F -0.7625 0.7625 -0.7625; F 0.7625 -0.7625 -0.7625",
    "ecore": 205.79587636748454,
    "e_HF": -429.5704401043246,
    "e_FCI": -429.7105221186407,
    "fci_time": 28.317911863327026
}