{
    "nelec": 42,
    "norb": 25,
    "na": 12650,
    "nstr": 160022500,
    "nprocs": 2,
    "use_cpu_memory": false,
    "chunksize": 256,
    "max_space": 12,
    "device": "NVIDIA A100 80GB PCIe",
    "geometry": "C 0.0 0.0 0.7644; H -0.889 0.0 1.3728; H 0.889 0.0 1.3728; Cl 0.0 1.4744 -0.2157; Cl 0.0 -1.4744 -0.2157",
    "ecore": 134.39082155047961,
    "e_HF": -947.7113902389494,
    "e_FCI": -947.8059148774516,
    "fci_time": 24.816508531570435
}