{
    "nelec": 22,
    "norb": 18,
    "na": 31824,
    "nstr": 1012766976,
    "nprocs": 8,
    "use_cpu_memory": false,
    "chunksize": 256,
    "max_space": 4,
    "device": "NVIDIA A100 80GB PCIe",
    "geometry": "C 0.0 0.0 -1.1791; C 0.0 0.0 0.2904; N 0.0 0.0 1.4247; H 0.0 1.0198 -1.5469; H 0.8832 -0.5099 -1.5469; H -0.8832 -0.5099 -1.5469",
    "ecore": 58.84852701397938,
    "e_HF": -130.27000470554307,
    "e_FCI": -130.49324592420987,
    "fci_time": 31.239333629608154
}