{
    "nelec": 10,
    "norb": 17,
    "na": 6188,
    "nstr": 38291344,
    "nprocs": 2,
    "use_cpu_memory": false,
    "chunksize": 256,
    "max_space": 12,
    "device": "NVIDIA A100 80GB PCIe",
    "geometry": "C 0.0 0.0 0.0; H 0.6232 0.6232 0.6232; H -0.6232 -0.6232 0.6232; H -0.6232 0.6232 -0.6232; H 0.6232 -0.6232 -0.6232",
    "ecore": 13.56715164801189,
    "e_HF": -40.18053409667374,
    "e_FCI": -40.30041020986728,
    "fci_time": 4.968372106552124
}