{
    "nelec": 10,
    "norb": 34,
    "na": 278256,
    "nstr": 77426401536,
    "nprocs": 32,
    "use_cpu_memory": true,
    "chunksize": 64,
    "max_space": 4,
    "device": "NVIDIA H100 SXM5",
    "geometry": "C 0.0 0.0 0.0; H 0.6232 0.6232 0.6232; H -0.6232 -0.6232 0.6232; H -0.6232 0.6232 -0.6232; H 0.6232 -0.6232 -0.6232",
    "ecore": 13.56715164801189,
    "e_HF": -40.1983518275455,
    "e_FCI": -40.3894318979591,
    "fci_time": 1088.8899607658386
}
