{
    "nelec": 10,
    "norb": 9,
    "na": 126,
    "nstr": 15876,
    "nprocs": 2,
    "use_cpu_memory": false,
    "chunksize": 256,
    "max_space": 12,
    "device": "NVIDIA A100 80GB PCIe",
    "geometry": "C 0.0 0.0 0.0; H 0.6232 0.6232 0.6232; H -0.6232 -0.6232 0.6232; H -0.6232 0.6232 -0.6232; H 0.6232 -0.6232 -0.6232",
    "ecore": 13.56715164801189,
    "e_HF": -39.726819631666416,
    "e_FCI": -39.80452693525602,
    "fci_time": 3.3514981269836426
}