{
    "nelec": 18,
    "norb": 14,
    "na": 2002,
    "nstr": 4008004,
    "nprocs": 2,
    "use_cpu_memory": false,
    "chunksize": 256,
    "max_space": 12,
    "device": "NVIDIA A100 80GB PCIe",
    "geometry": "O 0.7079 0.0 0.0; C -0.7079 0.0 0.0; H -1.0732 -0.769 0.6852; H -1.0731 -0.1947 -1.0113; H -1.0632 0.9786 0.3312; H 0.9936 -0.8804 -0.298",
    "ecore": 40.36625366914756,
    "e_HF": -113.54702770458883,
    "e_FCI": -113.6664848541667,
    "fci_time": 3.2655205726623535
}