{
    "nelec": 34,
    "norb": 21,
    "na": 5985,
    "nstr": 35820225,
    "nprocs": 2,
    "use_cpu_memory": false,
    "chunksize": 256,
    "max_space": 12,
    "device": "NVIDIA A100 80GB PCIe",
    "geometry": "C 0.0 0.0 0.3318; H 0.0 0.0 1.4101; F 0.0 1.2315 -0.1259; F 1.0665 -0.6157 -0.1259; F -1.0665 -0.6157 -0.1259",
    "ecore": 135.74026731619057,
    "e_HF": -332.0857647228937,
    "e_FCI": -332.2066914294724,
    "fci_time": 6.91372013092041
}