{
    "nelec": 18,
    "norb": 15,
    "na": 5005,
    "nstr": 25050025,
    "nprocs": 2,
    "use_cpu_memory": false,
    "chunksize": 256,
    "max_space": 12,
    "device": "NVIDIA A100 80GB PCIe",
    "geometry": "C 0.0484 0.7007 0.0; N 0.0484 -0.7524 0.0; H -0.9445 1.1602 0.0; H 0.5828 1.0591 0.8759; H 0.5828 1.0591 -0.8759; H -0.4252 -1.1081 -0.8051; H -0.4252 -1.1081 0.8051",
    "ecore": 42.31436119237493,
    "e_HF": -94.0296243676248,
    "e_FCI": -94.16044003224984,
    "fci_time": 4.3785622119903564
}