{
    "nelec": 26,
    "norb": 18,
    "na": 8568,
    "nstr": 73410624,
    "nprocs": 2,
    "use_cpu_memory": false,
    "chunksize": 256,
    "max_space": 12,
    "device": "NVIDIA A100 80GB PCIe",
    "geometry": "C -0.0497 1.03 0.0; S -0.0497 -0.5922 0.0; H 1.2732 -0.9315 0.0; H -1.0472 1.3544 0.0; H 0.4343 1.4364 0.8469; H 0.4343 1.4364 -0.8469",
    "ecore": 60.78137210178601,
    "e_HF": -432.86504201842826,
    "e_FCI": -432.9666938826267,
    "fci_time": 6.903660297393799
}