{
    "nelec": 18,
    "norb": 18,
    "na": 48620,
    "nstr": 2363904400,
    "nprocs": 8,
    "use_cpu_memory": true,
    "chunksize": 256,
    "max_space": 4,
    "device": "NVIDIA A100-SXM4-40GB",
    "geometry": "F 0.0 0.0 0.671; F 0.0 0.0 -0.671",
    "ecore": 31.939906173263786,
    "e_HF": -198.64142306935454,
    "e_FCI": -198.9080786022726,
    "fci_time": 114.63346362113953
}
