{
    "nelec": 2,
    "norb": 10,
    "na": 10,
    "nstr": 100,
    "nprocs": 2,
    "use_cpu_memory": false,
    "chunksize": 256,
    "max_space": 12,
    "device": "NVIDIA A100 80GB PCIe",
    "geometry": "H 0.0 0.0 0.3649; H 0.0 0.0 -0.3649",
    "ecore": 0.7250989461770349,
    "e_HF": -1.128501210600966,
    "e_FCI": -1.1629971544161264,
    "fci_time": 3.455944776535034
}