{
    "nelec": 16,
    "norb": 12,
    "na": 495,
    "nstr": 245025,
    "nprocs": 2,
    "use_cpu_memory": false,
    "chunksize": 256,
    "max_space": 12,
    "device": "NVIDIA A100 80GB PCIe",
    "geometry": "C 0.0117 0.7354 0.0; O 0.0117 -0.5628 0.0; H -1.0633 0.9785 0.0; H 0.8993 -0.888 0.0",
    "ecore": 31.08940946658076,
    "e_HF": -112.27398693363615,
    "e_FCI": -112.38773602403036,
    "fci_time": 3.3578333854675293
}