{
    "nelec": 32,
    "norb": 22,
    "na": 74613,
    "nstr": 5567099769,
    "nprocs": 8,
    "use_cpu_memory": false,
    "chunksize": 128,
    "max_space": 4,
    "device": "NVIDIA A100 80GB PCIe",
    "geometry": "C 0.0 0.0 0.0937; O 0.0 0.0 1.278; O 0.0 1.0736 -0.6617; O 0.0 -1.0736 -0.6617; H 0.0 1.8337 -0.0996; H 0.0 -1.8337 -0.0996",
    "ecore": 125.56727331276984,
    "e_HF": -260.0592395996434,
    "e_FCI": -260.27131581329326,
    "fci_time": 251.038414478302
}