{
    "nelec": 18,
    "norb": 12,
    "na": 220,
    "nstr": 48400,
    "nprocs": 2,
    "use_cpu_memory": false,
    "chunksize": 256,
    "max_space": 12,
    "device": "NVIDIA A100 80GB PCIe",
    "geometry": "O 0.0 0.6992 0.0; O 0.0 -0.6992 0.0; H 0.9255 0.8811 0.0; H -0.9255 -0.8811 0.0",
    "ecore": 38.025586277795895,
    "e_HF": -148.75704025729206,
    "e_FCI": -148.85518735713654,
    "fci_time": 3.3079445362091064
}