{
    "nelec": 10,
    "norb": 13,
    "na": 1287,
    "nstr": 1656369,
    "nprocs": 2,
    "use_cpu_memory": false,
    "chunksize": 256,
    "max_space": 12,
    "device": "NVIDIA A100 80GB PCIe",
    "geometry": "O 0.0 0.0 0.1119; H 0.0 0.7583 -0.4476; H 0.0 -0.7583 -0.4476",
    "ecore": 9.33355286030021,
    "e_HF": -75.98463122206518,
    "e_FCI": -76.11984232184807,
    "fci_time": 3.278294324874878
}