{
    "nelec": 10,
    "norb": 24,
    "na": 42504,
    "nstr": 1806590016,
    "nprocs": 8,
    "use_cpu_memory": false,
    "chunksize": 256,
    "max_space": 12,
    "device": "NVIDIA A100 80GB PCIe",
    "geometry": "O 0.0 0.0 0.1119; H 0.0 0.7583 -0.4476; H 0.0 -0.7583 -0.4476",
    "ecore": 9.33355286030021,
    "e_HF": -76.02686285217531,
    "e_FCI": -76.24248404281602,
    "fci_time": 71.69599485397339
}