{
    "nelec": 18,
    "norb": 17,
    "na": 24310,
    "nstr": 590976100,
    "nprocs": 8,
    "use_cpu_memory": false,
    "chunksize": 256,
    "max_space": 4,
    "device": "NVIDIA A100 80GB PCIe",
    "geometry": "S 0.0 0.0 0.1002; H 0.0 0.9732 -0.8012; H 0.0 -0.9732 -0.8012",
    "ecore": 13.037414350151135,
    "e_HF": -398.62669846680865,
    "e_FCI": -398.7029561382306,
    "fci_time": 13.063145875930786
}