{
    "nelec": 32,
    "norb": 21,
    "na": 20349,
    "nstr": 414081801,
    "nprocs": 2,
    "use_cpu_memory": false,
    "chunksize": 256,
    "max_space": 12,
    "device": "NVIDIA A100 80GB PCIe",
    "geometry": "N 0.0 0.1346 0.0; O -0.2897 -1.1653 0.0; O -0.9269 0.8401 0.0; O 1.1488 0.4103 0.0; H 0.5424 -1.6226 0.0",
    "ecore": 130.66580714890753,
    "e_HF": -275.61791589747065,
    "e_FCI": -275.8639507669077,
    "fci_time": 53.85069465637207
}