{
    "nelec": 12,
    "norb": 14,
    "na": 3003,
    "nstr": 9018009,
    "nprocs": 2,
    "use_cpu_memory": false,
    "chunksize": 256,
    "max_space": 12,
    "device": "NVIDIA A100 80GB PCIe",
    "geometry": "Li 0.0 0.0 -1.4518; B 0.0 0.0 0.5134; H 0.0 0.0 1.7126; H 0.0 1.1549 0.0254; H 1.0001 -0.5774 0.0254; H -1.0001 -0.5774 0.0254",
    "ecore": 17.18860114607597,
    "e_HF": -33.998460076408875,
    "e_FCI": -34.08324710283699,
    "fci_time": 3.3771133422851562
}