{
    "nelec": 4,
    "norb": 44,
    "na": 946,
    "nstr": 894916,
    "nprocs": 2,
    "use_cpu_memory": false,
    "chunksize": 256,
    "max_space": 12,
    "device": "NVIDIA A100 80GB PCIe",
    "geometry": "Li 0.0 0.0 0.4089; H 0.0 0.0 -1.2267",
    "ecore": 0.9706111719002203,
    "e_HF": -7.986562497947695,
    "e_FCI": -8.036522956375386,
    "fci_time": 3.8980884552001953
}