{
    "nelec": 4,
    "norb": 11,
    "na": 55,
    "nstr": 3025,
    "nprocs": 2,
    "use_cpu_memory": false,
    "chunksize": 256,
    "max_space": 12,
    "device": "NVIDIA A100 80GB PCIe",
    "geometry": "Li 0.0 0.0 0.4089; H 0.0 0.0 -1.2267",
    "ecore": 0.9706111719002203,
    "e_HF": -7.979510826273673,
    "e_FCI": -7.998770512689262,
    "fci_time": 3.3091158866882324
}