{
    "nelec": 14,
    "norb": 10,
    "na": 120,
    "nstr": 14400,
    "nprocs": 2,
    "use_cpu_memory": false,
    "chunksize": 256,
    "max_space": 12,
    "device": "NVIDIA A100 80GB PCIe",
    "geometry": "N 0.0 0.0 0.5392; N 0.0 0.0 -0.5392",
    "ecore": 24.044587662351635,
    "e_HF": -107.48897308865415,
    "e_FCI": -107.64023315213967,
    "fci_time": 3.309041738510132
}