{
    "nelec": 20,
    "norb": 18,
    "na": 43758,
    "nstr": 1914762564,
    "nprocs": 8,
    "use_cpu_memory": false,
    "chunksize": 256,
    "max_space": 12,
    "device": "NVIDIA A100 80GB PCIe",
    "geometry": "H 0.8699 1.7064 0.0; B 0.8699 0.7026 0.0; H 0.0 0.2008 0.0; H 1.5726 0.0 0.0; H 1.8403 0.4684 0.0; Na 1.9407 1.7064 0.0",
    "ecore": 48.76718061252921,
    "e_HF": -185.5369152810203,
    "e_FCI": -185.6415535324034,
    "fci_time": 40.623361349105835
}