{
    "nelec": 28,
    "norb": 18,
    "na": 3060,
    "nstr": 9363600,
    "nprocs": 2,
    "use_cpu_memory": false,
    "chunksize": 256,
    "max_space": 12,
    "device": "NVIDIA A100 80GB PCIe",
    "geometry": "Na 0.0 0.0 -1.4553; Cl 0.0 0.0 0.9416",
    "ecore": 41.28505087489675,
    "e_HF": -614.5219092986831,
    "e_FCI": -614.5665339693986,
    "fci_time": 3.8891677856445312
}