{
    "nelec": 34,
    "norb": 20,
    "na": 1140,
    "nstr": 1299600,
    "nprocs": 2,
    "use_cpu_memory": false,
    "chunksize": 256,
    "max_space": 12,
    "device": "NVIDIA A100 80GB PCIe",
    "geometry": "N 0.0 0.0 0.4489; F 0.0 1.1916 -0.1164; F 1.0319 -0.5958 -0.1164; F -1.0319 -0.5958 -0.1164",
    "ecore": 138.13965335931846,
    "e_HF": -347.73613735436913,
    "e_FCI": -347.8668875195792,
    "fci_time": 3.250581979751587
}