{
    "nelec": 18,
    "norb": 13,
    "na": 715,
    "nstr": 511225,
    "nprocs": 2,
    "use_cpu_memory": false,
    "chunksize": 256,
    "max_space": 12,
    "device": "NVIDIA A100 80GB PCIe",
    "geometry": "N 0.009 0.683 0.0; O 0.009 -0.7139 0.0; H 0.9187 -0.9559 0.0; H -0.5267 0.943 0.8041; H -0.5267 0.943 -0.8041",
    "ecore": 40.25533837195735,
    "e_HF": -129.25443356221018,
    "e_FCI": -129.36027603417685,
    "fci_time": 3.275257110595703
}