{
    "nelec": 18,
    "norb": 24,
    "na": 1307504,
    "nstr": 1709566710016,
    "nprocs": 1024,
    "use_cpu_memory": true,
    "chunksize": 8,
    "max_space": 4,
    "device": "NVIDIA H100 SXM5",
    "geometry": "N 0.009 0.683 0.0; O 0.009 -0.7139 0.0; H 0.9187 -0.9559 0.0; H -0.5267 0.943 0.8041; H -0.5267 0.943 -0.8041",
    "ecore": 40.25533837195735,
    "e_HF": -130.923288333215,
    "e_FCI": -131.17613730091625,
    "fci_time": 48156.97232627869
}
