{
    "nelec": 10,
    "norb": 29,
    "na": 118755,
    "nstr": 14102750025,
    "nprocs": 8,
    "use_cpu_memory": true,
    "chunksize": 64,
    "max_space": 3,
    "device": "NVIDIA A100 80GB PCIe",
    "geometry": "N 0.0 0.0 0.1081; H 0.0 0.9332 -0.2523; H 0.8082 -0.4666 -0.2523; H -0.8082 -0.4666 -0.2523",
    "ecore": 12.090559790120112,
    "e_HF": -56.19544365197294,
    "e_FCI": -56.40372198057632,
    "fci_time": 1727.5960462093353
}