{
    "nelec": 10,
    "norb": 8,
    "na": 56,
    "nstr": 3136,
    "nprocs": 2,
    "use_cpu_memory": false,
    "chunksize": 256,
    "max_space": 12,
    "device": "NVIDIA A100 80GB PCIe",
    "geometry": "N 0.0 0.0 0.1081; H 0.0 0.9332 -0.2523; H 0.8082 -0.4666 -0.2523; H -0.8082 -0.4666 -0.2523",
    "ecore": 12.090559790120112,
    "e_HF": -55.4521331388365,
    "e_FCI": -55.51514256848793,
    "fci_time": 3.384808301925659
}