{
    "nelec": 10,
    "norb": 15,
    "na": 3003,
    "nstr": 9018009,
    "nprocs": 2,
    "use_cpu_memory": false,
    "chunksize": 256,
    "max_space": 12,
    "device": "NVIDIA A100 80GB PCIe",
    "geometry": "N 0.0 0.0 0.1081; H 0.0 0.9332 -0.2523; H 0.8082 -0.4666 -0.2523; H -0.8082 -0.4666 -0.2523",
    "ecore": 12.090559790120112,
    "e_HF": -56.16217362415448,
    "e_FCI": -56.29227737522211,
    "fci_time": 3.374721050262451
}