{
    "nelec": 18,
    "norb": 19,
    "na": 92378,
    "nstr": 8533694884,
    "nprocs": 8,
    "use_cpu_memory": true,
    "chunksize": 256,
    "max_space": 4,
    "device": "NVIDIA A100 80GB PCIe",
    "geometry": "P 0.0 0.0 0.1216; H 0.0 1.1984 -0.6079; H 1.0379 -0.5992 -0.6079; H -1.0379 -0.5992 -0.6079",
    "ecore": 17.7376973680101,
    "e_HF": -342.3959822410995,
    "e_FCI": -342.48384731376177,
    "fci_time": 482.4201292991638
}