{
    "nelec": 18,
    "norb": 12,
    "na": 220,
    "nstr": 48400,
    "nprocs": 2,
    "use_cpu_memory": false,
    "chunksize": 256,
    "max_space": 12,
    "device": "NVIDIA A100 80GB PCIe",
    "geometry": "P 0.0 0.0 0.1216; H 0.0 1.1984 -0.6079; H 1.0379 -0.5992 -0.6079; H -1.0379 -0.5992 -0.6079",
    "ecore": 17.7376973680101,
    "e_HF": -338.63500614593664,
    "e_FCI": -338.697738621256,
    "fci_time": 3.357309341430664
}