{
    "nelec": 70,
    "norb": 39,
    "na": 82251,
    "nstr": 6765227001,
    "nprocs": 8,
    "use_cpu_memory": true,
    "chunksize": 64,
    "max_space": 4,
    "device": "NVIDIA A100 80GB PCIe",
    "geometry": "S 0.0 0.0 0.0; F 0.0 0.0 1.5589; F 0.0 1.5589 0.0; F 1.5589 0.0 0.0; F 0.0 -1.5589 0.0; F -1.5589 0.0 0.0; F 0.0 0.0 -1.5589",
    "ecore": 567.8438395101869,
    "e_HF": -980.8934715175494,
    "e_FCI": -981.0633805059472,
    "fci_time": 2125.1680965423584
}