{
    "nelec": 50,
    "norb": 29,
    "na": 23751,
    "nstr": 564110001,
    "nprocs": 8,
    "use_cpu_memory": false,
    "chunksize": 256,
    "max_space": 4,
    "device": "NVIDIA A100 80GB PCIe",
    "geometry": "Si 0.0 0.0 0.0; F 0.9024 0.9024 0.9024; F -0.9024 -0.9024 0.9024; F -0.9024 0.9024 -0.9024; F 0.9024 -0.9024 -0.9024",
    "ecore": 271.3977061394349,
    "e_HF": -677.8455865167637,
    "e_FCI": -677.95639513485,
    "fci_time": 50.13234066963196
}