{
    "nelec": 50,
    "norb": 29,
    "na": 23751,
    "nstr": 564110001,
    "nprocs": 8,
    "use_cpu_memory": false,
    "chunksize": 256,
    "max_space": 4,
    "device": "NVIDIA A100 80GB PCIe",
    "geometry": "Si 0.0 0.0 0.7655; H -1.2169 0.0 1.5723; H 1.2169 0.0 1.5723; Cl 0.0 1.6816 -0.4077; Cl 0.0 -1.6816 -0.4077",
    "ecore": 191.22971275828647,
    "e_HF": -1196.0303405604718,
    "e_FCI": -1196.0976389780933,
    "fci_time": 36.67247152328491
}