{
    "nelec": 34,
    "norb": 21,
    "na": 5985,
    "nstr": 35820225,
    "nprocs": 2,
    "use_cpu_memory": false,
    "chunksize": 256,
    "max_space": 12,
    "device": "NVIDIA A100 80GB PCIe",
    "geometry": "Si 0.0 0.0 -0.9926; Cl 0.0 0.0 1.074; H 0.0 1.3931 -1.4541; H 1.2065 -0.6966 -1.4541; H -1.2065 -0.6966 -1.4541",
    "ecore": 86.09439010592428,
    "e_HF": -741.9745926389796,
    "e_FCI": -742.0437364817602,
    "fci_time": 5.874308347702026
}