{
    "nelec": 66,
    "norb": 37,
    "na": 66045,
    "nstr": 4361942025,
    "nprocs": 8,
    "use_cpu_memory": false,
    "chunksize": 64,
    "max_space": 4,
    "device": "NVIDIA A100 80GB PCIe",
    "geometry": "Si 0.0 0.0 0.4996; H 0.0 0.0 1.9671; Cl 0.0 1.9309 -0.1757; Cl 1.6722 -0.9655 -0.1757; Cl -1.6722 -0.9655 -0.1757",
    "ecore": 336.2924220705955,
    "e_HF": -1650.0798390157222,
    "e_FCI": -1650.1482418273558,
    "fci_time": 578.3967418670654
}