{
    "nelec": 40,
    "norb": 24,
    "na": 10626,
    "nstr": 112911876,
    "nprocs": 2,
    "use_cpu_memory": false,
    "chunksize": 256,
    "max_space": 12,
    "device": "NVIDIA A100 80GB PCIe",
    "geometry": "S 0.0 0.0 0.0; O 0.0 1.4009 0.0; O 1.2132 -0.7005 0.0; O -1.2132 -0.7005 0.0",
    "ecore": 186.9244822853498,
    "e_HF": -614.2097182375628,
    "e_FCI": -614.4518389889279,
    "fci_time": 24.460445404052734
}