{
    "nelec": 42,
    "norb": 24,
    "na": 2024,
    "nstr": 4096576,
    "nprocs": 2,
    "use_cpu_memory": false,
    "chunksize": 256,
    "max_space": 12,
    "device": "NVIDIA A100 80GB PCIe",
    "geometry": "S 0.2436 0.3551 0.0; O -1.0351 0.9412 0.0; F 0.2436 -0.7339 1.1357; F 0.2436 -0.7339 -1.1357",
    "ecore": 195.71564990494903,
    "e_HF": -662.8301248391444,
    "e_FCI": -662.9802037316427,
    "fci_time": 3.8520426750183105
}